content,sentiment
@nadzirazdf belom siap gua gini woii😭😭 kucing sakit2 aja satu keluarga gua udh nangis nangis😭😭,pos
"@coeffeelatte Heran gua tuh, dikira yg ada jalan dia doang apa gimana",pos
"Rektor lokal pun kebanyakan  S2/S3 di luar negri, apakah se kurang itu kah kualitas rektor lokal... hmm",neg
@KCON_Global @Creker_THEBOYZ HAH GILA GANTIAN SAMA SKF JAKARTA,neg
jaman sma apayak kayak bye bgt sih fisika soalnya guru dan  environment kelewat pinter semua..... kayaknya baru mepet UN terus karena belajar sama temen kelas yang pinter banget dan baik serta ngajarin dengan sabar cara dasarnya jadinya baru ngeh fisika,neg
gimana bisa....sebuah wattpad...bikin gua nangis &amp; senyum lebar banget sampe pipi gua sakit at the same time?!?!! fuck this shit 😭💕,pos
Gua adalah tipe orang yang kalo beli baju liat harganya dulu,neg
"@edcfess not all of them bekerja sepenuh hati dan inget sama janji yang diucapin waktu pelantikan,ada yang numpang nama aja, ada yang kerja keras dan mikir segalanya, ada yang cuma kerja pas diliat guru/orang lain.",pos
"kalo cuma ada 3 fanfic yg boleh gua baca, gua bakal baca :\nvacancy universe\ndream launch project\nguardiationship\n\nsumpah itu 3 fanfic terbagus yg pernah gua baca 😭💕 SEBAGUS ITU SUMPAHHHH\nsbnrnya dear j jg sih tp kan uda di unpublish &amp; authornya kasus 😶",pos
"selamat bulan agustus!! 🇮🇩\nkarena bulan agustus adalah 'bulannya' indonesia, aku ngadain diskon 8% nih buat semua bikini yg aku jual 💖💕\ntersedia di shopee &amp; instagram ya\nsilahkan di cekidot uwu\n\nKunjungi toko saya di Shopee! shopurbikini: https://t.co/SPWMN6xwah #ShopeeID https://t.co/XDdWzxNqvL",pos
@Angelinecb3 Tapi udah plus signed album sama hitouch itu murah loh. Disini kan ga pake signed,pos
"@RahmasariLala coba ambil air wudhu, baca ayat2Nya. kalau hatimu tak merasa apapun. kau benar2 sedang tidak beres",neg
rv tuh aneh banget wkwkwk kocak makan es krim kadaluarsa,neg
aku percampuran budaya pulau sumatera-kalimantan-jawa jadi tiap ditanya gini tuh sukanya bilang 'orang indonesia',pos
hzkzhk orang kalo jawab kayak gini tuh berdasarkan darah papa/mama/tempat lahir/suku/paling lama tinggal dimana?????? Hayuk yang mau denger cerita aku wkwkwk,neg
@askmenfess ANJING LAH MAU MARAH GUA NGELIATNYA. IF I WAS THERE GUA INJEK TUH PLER MAMPUS MAMPUS DAH LU GABISA SANGE GOBLOK,neg
birthday vlivenya jangan pas aku masih di jatim park ya plis @ csy,neg
SAMPE GADA BAEK BOM GW NGAMUK BGT PLS😭😭😭😭 cinta bgt sama drama ini. gapernah kesel yg berkelanjutan kalo abis nonton drama. TP INI GW MASIH KESEL ABIS NONTON FINAL EPS NYA https://t.co/fFO5nUHxe6,pos
Bisa sebagai acuan @adistya00 https://t.co/zGaZHp9reS,neg
Pulang ke Jogja bawa penyakit,neg
@jeanmfingrey wow but i thought that conversation is about you’re moving to bali man. but yea your dad sounds funny HAHA,pos
22.05 halo assalamualaikum gajawab pki @x1members,neg
Jerawat pms kalo dateng sukanya tawuran. Gsuka aku.,neg
Gitu aja dibikin Challenge.\nCoba dong challenge 10 ayat al kahfi bisa nggak?,neg
Coba dong challenge surat al kahfi bisa nggak?,neg
@hhhangyul seungyoun yang kaya raya,pos
@askmenfess yg modelan begini nih yg bikin gua kena omel nyokap. nyokap mana mau tau yg sebenarnya😭😤,neg
"jujur sejujur jujurnya, gua gapernah kebayang sih diri gua diumur 19 taun masih begini dalam segala aspek",pos
can u guys stop saying nonsense about mina’s health?\ni tried so hard to not cursing here.,neg
YA W TAU SIH U GANTENG ANF STUFF TAPI U COBA PIKIRIN ORANG-ORANG YANG LIAT INI NASIBNYA BAKALAN GIMANA DONG,neg
ribet bgt sekolah 🤯,neg
@tcnyrgrs I wanna go to Bali tapi takut ketemu people i know :(((,neg
@Vbagie kok lu ga angkat call gua ci,pos
Maba: pokonya gua harus dapet nilai minimal A\n\nMahasiswa pertengahan: gapapa dah dapet nilai B juga\n\nMahasiswa akhir: yg penting kagak ngulang titik.😫,pos
my only question is how the fuck is his eyebrows better than mine,neg
Ngakak bgt liat repliesnya wkwkwk,neg
Coba di slow motion pasti bagus tambah seksi😅 https://t.co/QD8vtCoWv9,pos
@nctconfess AWWWWW WHATTA CUTIE 🥰🥰🥰💕💕💕\ngua sampe skrg msh ga percaya yangyang seumuran w aduh dia cutie bgt sumpa 🤧🤧🤧💕💕💕,neg
"@nctconfess tp sbnrnya tau nct dr nct dream chewing gum baru rilis 2 minggu gara2 dikasi liat tmn 😭 tp gua kek ""ew apaansi bocah bat"" soalnya emg gasuka cute concept gt 😭🤧",neg
"@areajulid gua ga munafik ya, emg pasti awalnya jg gua liat tampang dulu. tp kalo pas uda pdkt trnyt sikap-sifatnya jelek, auto bye sih. jd intinya sama aja, kalo tampang cakep sikap sifatnya jelek ya percuma tu tampang cakep 🤷🏻‍♀️",neg
"Disana sini masih banyak yg koar2 masih ga terimanya jokowi jd presiden lagi. Dan disana sini ku ketemu pengusaha yg notabene bukan pengusaha ecek2. Pertanyaan mrk selalu sama ""habis jokowi terus siapa? Ada ga yg bisa nerusin perjuangan jokowi?"" Aku ikut yg mana ya 😌",neg
"gua lg ngeliat foto2 backupan taun lalu dr hp gua, trs kok bagus bagus yaa.. sumpah da beda gt",pos
@salmanauf awas diserang netijen,neg
"Kok ga terima ya haha\n-Masak waktunya ga konsisten, tergantung masak apa\n-Nyuci baju 20mnt? La mok kiro bojomu tangane 8 a? kok cek cepete (masio mesin yo pancet 45mntan, urung jemure)\n-Nyuci piring, tergantung seberapa banyak yg perlu dicuci\n-Nyapu latar 5 menit, latare semut a?",pos
"Coba cewe tuh ya, turunin sedikit kek gengsinya. Sebel sama diri sendiri.",neg
@pinkvlava @kennysme_ @askmenfess aku waktu itu beli di ig @ teranalog kalo gasalah... tapi udh hampir setaun yg laluuu coba cari ajaa pake hashtag # jualanalog gituu2,neg
@askmenfess gravity - eden\ndrugs - eden\nthe wall (lupa siapa penyanyinya)\nama semua lagu2 dpr live (dia indie ga sih?),neg
INI APAAN YAALLAH LAKI REAL LIFE PAKE BAJU ITEM AJA GUA UDH AMBYAR APALAGI INI IDOL BIAS GUA PAKE BAJU ITEM TPLONGIN PLS DJKSNSJAKA https://t.co/Cek8qLuYbQ,neg
Semangat teman-teman ku dan bukan teman-teman ku anak UGM yang akan kkn di papua 🥰✨ semoga bermanfaat dan bisa pulang dengan selamat 🙏🏻,pos
The #eCommerce world is growing at a very fast rate and choosing the perfect #hosting for your #B2B eCommerce store is a challenge. Here are the Top Ecommerce Hosting Services for your B2B #Wholesale Store: https://t.co/Pf8NON0ybr https://t.co/FXMuRC4aNM,pos
aimennayyar No you're not bitch you haven't seen fat and there aint nothing wrong with being fat unless you're worried about your health which i know youre not because i know your diet,neg
"Terimakasih teh, duetnya indah sekali💙",pos
"@tanya2rl indo 99%, jawa 1%",pos
Ada yg tau info ganjil/genap di jkt hari ini berlaku ngga ya?,pos
Aaaa pepo sedih bgt:(,neg
@producexfess kwon heejun dari cre.ker miskin screentime tapi coba lihat perform dia di wannaone-light sebetulnya dia berpotensi bgt :”) https://t.co/J9oYU8XCVL,neg
"@liennnnnn_ @tubirfess coba bang lu buka youtube, search aja kumparah yudaisme, entar keluar. inti video nya sih sama yang lo omongin",neg
"@orchbit alhamdulillah lancar, kan gua nyontek terus 🤫🤫",pos
"rosie semakin hari semakin baik bgttt yaa, gua bingung ni org ato malaikat :( https://t.co/0WQbZn5fc7",pos
"Jika sebuah kejadian (baik/buruk) lalu berbalas dengan kejadian serupa (baik/buruk) di kemudian hari itu dinamakan KARMA,\n\nMaka aku merindukanmu lalu kemdian berbalas kamu merindukanku juga itu dinamakan KETIDAKMUNGKINAN.",neg
"@Gaemkyujel Aamiin aamiin, makasih yaa. Semoga kita masih bisa ketemu di lebaran tahun depan🥰🥰",neg
Alhamdulillah THR turun. Cukup nih buat beli tiket SS7S sebenernya.\n\nTapi.... hm,pos
@askmenfess Astaga gua make ini liatnya bikin sakit mata tu harga :'),neg
"Ya Allah, nggak nyangka masih bisa ketemu bulan Ramadhan di tahun ini. Kalo keinget, tepat setaun yg lalu.... cuma bisa terbaring lemah di ranjang.. 30 hari full gak bisa puasa, nggak bisa lebaran... \n\nAlhamdulillah, ya Allah aku masih dikasih kesempatan:)",neg
kami para anak yg seharusnya lebih khawatir pada orang tua yg baru melek teknologi,neg
IH SMA GUE WKWKWKWW KETAWA BGT,neg
"Ya Allah TL isinya pada GA semua, mantap mau lebaran duitnya pada banyak semua kali y. Kok gue engga",pos
"@educationfess Gapapa nder, 2 tahun lalu aku juga cuma 34 tp di kabupatenku allhmadulillah masih bisa masuk sman favorit. Banyak-banyak doa yaa, semangat!! 🙌",pos
@Vbagie untung gaada gua,pos
"take the time to read this and retweet it, even if you aren’t dealing with a mental health disorder. maybe one of your followers/mutuals need to see this. https://t.co/eoM4o0IRzS",neg
@AlissaWahid Sehat2 selalu Ibu Shinta🙏🙏🙏 Thn 2015 kami &amp; Anak2 Berkebutuhan Khusus pernah berkempatan ikut acara buka puasa bersama Ibu Shinta di Bandung. https://t.co/I6CxD0B0JS,pos
"sekarang krn masih halangan jd gue lanjut terus, besok2 kalo udh selesai baru beneran stop wkwkwkwk",neg
"@thaiifess Tahan dulu, sampe abis lebaran kayaknya 😂 ini aja nulis dipending, menghindari khayalan2 aneh wkwkwk",neg
Gaya banget lu pah😂,pos
kangen kosan cakung euy. tipikal kampung pinggiran jakarta. di depan gang ada warteg terbaik untuk sahur dan berbuka.,pos
Temen gua bikin status kaya gini anjirrr😂😂😂 https://t.co/dpwtAn12v7,pos
@mmaatahari @tanya2rl Jangan cuy emak gua baru pisan jemur ntr kaga kering2 hadehhh,neg
Ini si jabar simulasi tewas apa ya?,neg
@annisam198 Gaya ontime sih lo,pos
@krthingy Ost While You Were Sleeping yg dia nyanyiin bgs bgt 😭🌸😍 coba km dengerin. Selebihnya aku gatau :( bukan stan henry huhu maap,neg
tau gasi td malem gua susah napas grgr nonton yoosijin ketembak @saltisg00d,neg
"@melodyxfo Narkoba:"")",neg
@_cuthasanah Teriaknya ngeri gua wkwk,neg
"@jalanidulusaja Brisik, besok aku bentrok :(",neg
"@educationfess Aamiin aamiin, semangat buat kalian yg bsk unbk!",pos
Enaknya idol dr china.. udah ga sama2 tapi masih bisa buka2an saling support 🥺,neg
DR SEKIAN BANYAK PEMENANG GADA GUA?!?!?!?!?!?!?!?,pos
"@rlthingy Dulu pernah, tapi udah bisa lagi. Akun ini yg gua pake wkwk",neg
yaallah gamau banget bersuara tentang pemilu di sosmed tapi gimana dong gw gerah bgt liatnya. maksudnya ini udah realcount dari kpu loh udah valid masih bilang ada kecurangan?,neg
"@nadyapoetria semangat lek, demi oleh oleh khas sby",pos
AH KNP GUA GATAU INI SIH SEDIH BGT https://t.co/89Jzcsi2gs,neg
@askmenfess Ini dia di bilik berapa lama coba:(((,neg
@helloparkinseo Aku ngimpi aku golput gara2 keliwat jam e wkwkwkwkwkwkkekek,neg
"Barusan gue ke polsek nemenin nyokap buat ketemu temennya.\n\nGasengaja denger info kalo orang tua tersangka dateng.\n\nPas ketemu akhirnya ngobrol.\nAsli tuh anak bener bener ga bersyukur, orang tua nya susah payah ngebiayain tp dia malah bikin ulah",neg
AYO TEMAN-TEMAN JANGAN GOLPUT biar besok bisa dapet cashback dan gratisan buy one get one.,neg
@westhingyy YAALLAH AKU MAU TAPI AKU BUKAN DOM JOGJA,neg
"""Masa negara ga impor? Tidak selalu impor itu sama dengan neoliberal. Kalau dalam konteks penguatan atau ekonomi nasionalis, ya impor dapat dijadikan strategi pemerintah dan dibutuhkan juga. Jadi gak selamanya impor itu neoliberal."" -Dosenku tercinta.",neg
Gue : *ngeliat belok kanan di maps*\nGue juga : belok kiri\nTemen gue : *belok kiri*\nGue : BELOK KIRI!!!!!\nTemen gue : INI GUA UDAH BELOK KIRI\nGue : eh maksud gue belok kanan hhe\nTemen gue : BANGST,pos
Ini adalah pelajaran bahasa Jawa.,pos
"Debat capres mah gitu, kalo salah satu paslon nanya ke paslon lain udah langsung ditanggapi aja\nCoba dah kalo presentasi dikelas\n- searching dulu\n- semenit\n- 5 menit\n- 20 menit\n- 2 jam\nLama banget nyari jawaban nya\n#DebatTerakhirPilpres2019",neg
"@bayu_joo pertanyaan tentang komunikasi\n\nKalo kangen mending ngechat duluan apa dichat duluan?\n\njokowi: ...\n02: ...\nmoderator: ya tinggal ketemu terus bilang kangen elah gausah gengsi. Gengsi digedein, kambing digedein!\n\n#AkhirnyaDebatBerakhir",neg
Bapak gua kalo bersin bisa bikin kaget sekelurahan👍,neg
"@idolfess Maaf. Aku tau dia mau mengajarkan kita ttg cinta tanah air, tp ga boleh jelekin negara lain. kok malah guru km yg rasis nder? Km sabar aja, ttp belajar ttg bagaimana cinta tanah air, belajar kebudayaan kita. Aku doain km bs bawa nama Indonesia ke Korea, suatu saat nanti. +",pos
@tegonyat Golput mereka tuhh😅,neg
"Jadi orang jawa ada privilege nya juga seburuk buruk apapun nasibmu masih ada untungnya, cari sisi positifnya. Ketauan positif aja puji Tuhan berati dikasih keturunan. Huh be grateful ya be grateful :):)",pos
EH YA AMPUN DIMANA????!,neg
paketan internet yg murah apa yaa,pos
"Jokowi sama Prabowo sesok pas pemilu milih sopo y? Sajak e lucu Nek memilih diri sendiri, koyo yakin banget:(",pos
CURANG UDAH DENGERIN DULUAN,neg
MOOD LAGI BURUK?\nLIAT INI AJA 😂😭😂\nhttps://t.co/yi2HssqAdv,neg
"Maudy ayunda kalo ujian seneng banget, gua tau nih karena apa\n\nPasti karena pulang cepet",pos
"Dari video ini, telah dipastikan bahwa Yanan tercemar virus dari Shinwon  https://t.co/cB6RW0hAeg",neg
"@indomymenfess Beli paket premium yg dari spotify langsung aja, bikin akun spotifynya pake email baru ada promo 55rb untuk 3 bulan. Lebih meyakinkan gitu daripada yang beli",pos
"@imanlagi Sebenernya lapangan pekerjaan itu buanyaaaaak bgt. Cuman ""seringnya"" org2nya yg terlalu pemilih. Pengennya gaji langsung besar mentang2 sarjana.  pdhl baru aja lulus. Coba dulu, berproses dulu.",neg
"Hosting Murah Indonesia, hanya di #indowebsite https://t.co/bPovtRSlHU #hostingmurah via @indowebsite",pos
"@askmenfess Uda alhamdulillah. Tersangkanya mungkin sombong, mereka lupa kalo ada Tuhan yg sama sekali gak tidur:') smg gaada audrey2 lainny, terimakasih bapak polisi",neg
@rlthingy Aku dpt E-KTP setelah 14bulan lamanya. Alasannya blangkonya jg abis. Masa iya 14 bulan gaada blangko(?) Sedangkan masyarakat Indonesia pasti tiap hari ngurus KTP. EH TERNYATA DI KORUPSI WKWK JADI AKU kORBAN KORUPSI E-KTP ITU :(((((((( \nmana fotonya jelek lagi huf 😭,neg
INI BAPAK PRESIDEN YANG TERHORMAT AJA MINTA DITEGASIN. TERIMAKASIH YA PAK. WE WUW U,pos
@PejuangMilenial @PejuangKuis Tidak adanya ribut di salah satu pihak agar tak ada keributan di pemilu ini. #BersamaTNIPolriPemiluAman,neg
"if u talk about melindungi pelaku demi masa depan mereka, think about the fact that they've damaged the victim's mental health that may affect HER future. @poldakalbar_, #JusticeForAudrey! - Tandatangani Petisi! https://t.co/ECc99eRpUP via @ChangeOrg_ID",pos
@SilumanDingDong tuh kan untung gua gadateng,pos
Pusing gue liat indonesia,neg
KPPAD KALBAR BGST. KOMISI PERLINDUNGAN MACAM APA SIH,pos
"@KPAI_official dan KPPAD, Segera Berikan Keadilan untuk Audrey #JusticeForAudrey! - Tandatangani Petisi! https://t.co/eTNI2lYvzs lewat @ChangeOrg_ID",pos
"Alhamdulillah sudah jadi Stokist resmi Tamba Waras 🌸🌷🌺 Tersedia di sini, Depo Resmi Minyak Kutus kutus area Yogyakarta dan sekitarnya.\n\nDapatkan Organic Herbal Healing Oil hanya di Depo… https://t.co/okG3WaW3JH",pos
"Dapatkan Organic Herbal Healing Oil hanya di Depo Resmi Tamba Waras, INDAH SUBADRA, Depo Resmi Indonesia, Stokist di Jakal km 9, Yogyakarta, No wa 0812 8444 1010.\n\nMinyak kutus kutus juga… https://t.co/p8F9Pj0EFp",pos
Minyak kutus kutus juga tersedia di Apotek UGM ya.. free delivery untuk sekitaran UGM dengan menghubungi no wa 0878-3903-3666\n\nDapatkan Organic Herbal Healing Oil hanya di Depo Resmi… https://t.co/CCheKbPpmd,pos
"@helloparkinseo Pengen coba deh, tp yg ijo, ada yg greentea/teatree ga si? Selain itu aku takut :(",neg
Krisis pendidikan moral dan karakter,neg
"@KPAI_official dan @kpp_pa, Segera Berikan Keadilan untuk Audrey #JusticeForAudrey! - Tandatangani Petisi! https://t.co/7n9ra6khjI via @ChangeOrg_ID",pos
Kasihan mejanya.......... :(,neg
Komisi Perlindungan dan Pengawasan Anak Daerah: #JusticeForAudrey https://t.co/aiIIxNV0Ez via @ChangeOrg_ID,pos
Komisi Perlindungan dan Pengawasan Anak Daerah: #JusticeForAudrey - Tandatangani Petisi! https://t.co/SYfZL0jk09 via @ChangeOrg_ID,pos
"Kadang kita lupa, orang tua punya peran besar dlm hal ini. Dan buat pelaku2nya yg masih sempat boomerangan di kantor polisi. Sedih akutu liatnya, waktu kalian boomerangan, maudy ayunda lg nyiapin baju buat ke stanford. #JusticeForAudrey",neg
"@rlthingy ""yg dipikirannya hanya senang2""\n\noh jd mnrt dia melakukan tindak kekerasan kyk gt hal yg menyenangkan ya? membully, menyiksa, itu hal yg menyenangkan? iya gt? lagian itu para pelaku udh anak sma, udh remaja, bkn anak2 lg. dr situ seharusnya mereka bljr bedain mana yg baik &amp; buruk",neg
Awas aja sampe ada video permintaan maaf para pelaku. Yekaliiiii bangsad gaada kata maaf buat klean wanita barbar!\n\nAstagfirulloh kok aku kasar\n#JusticeForAudrey https://t.co/Gt6JDMgkPk,neg
"@jefrinichol Kasus kaya gini bener2 harus diusut tuntas. Jangan karna pelaku masih anak sekolah, padahal kelakuan nya barbar. Inimah harus ditindak",neg
"ternyata selama ini gw salah baca, harusnya 'map of the soul' gua bacanya 'map of the seoul' emg gw goblok apa gmn si",neg
@Vbagie bener ya serem nih butuh pemberani karna gua takut,neg
@PejuangKuis Ga muluk-muluk sih cuma pengen ga ada lagi yang namanya perang agama lagi karna indonesia itu negara rukun dan berbaur #DitinggalNyoblos,neg
@dsafrida_ @salsabildariin Ditunggu ka threadnya sapa tau bisa viral,neg
@flopytae @BigHitEnt MUNTAH SANA NI GUA SIAPIN PLASTIK https://t.co/OszCvBZcuC,neg
Jogja ih jangan ujan - lagi ga punya pacar - padahal kalo punya kan enak - (coba diisi apa enaknya),neg
@askmenfess dna rna mutasi daur nitrogen daur karbon animalia plantae virus monera protista :(,neg
"Kalo liat beginian bawaannya pengen khilaf 😔 untung bukan pantai, udah khilaf sebelum niat",neg
"Haii aku sendernyaa\nMakasih bgt dah jelasin panjang, cuma masih kurang paham 😃\n\nDi awal pengaturan aku pernah udah atur RGB tp hasil ttp gitu. Coba search katanya kudu CYMK, pas udah pake CYMK ttp gitu :(\n\nAda solusi :(?\nOiya aku jg adanya ps blom pake SAI hehe....",neg
"Jaktim panas terik, pas sampe bekasi ujan deres",neg
"@YoungjaeIsDAL Loveline nya sama ibu ibu coba wkwkwkwk trus di lbc malah jd ibunya can😂\nSayang bgt sih sebenernya kalo ga dilanjut, org booming banget kan itu. Banyak banget...huhuhu jd kapal baru pula:(",pos
@n0tyourbusin3ss lu gabakal bisa lsg semeru met harus bertahap bapak gua naks gunung neh,neg
semoga thr dan tabungan w cukup nonton indonesia open 2 hari vip,pos
"lagi enak2 baca wattpad  tbtb dichapter selanjutnya ada tulisan\n""DIHAPUS DEMI KEPENTINGAN PENERBITAN."" \n\nterus pas ke gramed bilang nya\n""anjir ini nih cerita wattpad yg dulu gua baca kaga kelar""",neg
gua paling gasuka liat buku basah ketumpahan aer woi mau marah tau ga buku gundar kena aer aja marah gua,neg
"@educationfess temenku ada yang bayar buat dirasionalin dia, dan dia bilang ga rasional, tapi dia disuruh guru bk ttp nyoba di ptn itu dan dia ketrima :)",pos
@tanya2rl ada paansi gua baru keluar dr sumur jadi ketinggalan topik ;(,neg
Iya napa iya yang buka jalan. Kek polisi puncak lu ah buka-tutup jalan,pos
@baekeosipeo gua kl ngetik kanan jempol kiri telunjuk,pos
@saltisg00d eh iya woi gua baru liat punya gua sampe 1000an,neg
"Ada banyak alasan kenapa kamu harus coba Tokopedia: Belanja mudah, bayar ini-itu praktis, dan ada cashback 50% sd 30rb dengan kode TPRIZL1JLL buat transaksi pertama di toko dengan Power Badge &amp; Official Store! Yuk mulai sekarang: https://t.co/3joKSFPcWq",pos
"KPU RI, : Stop Iklan Kampanye Pemilu yang Menstigma Disabilitas Mental - Tandatangani Petisi! https://t.co/8SZwfZdEOv lewat @ChangeOrg_ID",neg
@adinterimsea @pretzelpatzilla @rangga_hbb @_smalldot @sleepyfacedaya @kikifrogggy @chikarynr hah hah hah gimana tir gimana gak paham pelan-pelan ngomongnya coba tolong,neg
"@askmenfess tapi coba deh lu pikirin, orang tua lu tuh pasti seneng banget. kalo dulu orang tua gue mikir dengan makin banyak anak maka makin banyak juga yang doain mereka. that's why mereka excited parah, gue juga jadi ikut senengggg banget punya adik kecil lagi",neg
Hp ga dimainin 2 hari aja gua udah lupa password. Males ngeresetnya :(,neg
@ekokeriting Ohhiya inget yg lu cerita di hutan diberentiin begal bukansi?wkkwk,neg
"Tolong nak, tegakan hukum yg benar. Semangat.",pos
Law enforcement officer gets hit while wearing a reflective vest. \n\nUse this video every time you see a police report/quote about a pedestrian wearing dark clothing or a highway agency campaign telling people to wear reflective clothing. https://t.co/Y2KDUyEB3V,pos
"@yoreallytho @babbyalaia Tbh like if say a stranger on this bird app ever pulls that shit on me like “oooh i know your mind i know how you feel i know whats best for you,” all they gonna get as a reply is a fucking punch in the face and a yell like who the fuck you think u are",neg
Selamat hari Musik Nasional !\nMaju terus musik independen indonesia !\nSedikit cuplikan dari upcoming episode RTF TV di Loudfest Open Air Karawang saat kita seru seruan bareng colony dengan totalitas yang luar biasa.\nSalut #rtfcolony ! https://t.co/g2QmXQ07hq,pos
"@arinadiahh @Mentimoen Setelah peristiwa 1965, Imam Bonjol.... terus ada lagi soal cerita bambu runcing ini, Gua koq jadi merasa apa yg dulu pernah gua pelajari di sekolah selama 12 tahun itu ternyata banyak bohongnya ya.",pos
"[ SHARE ] Nature Republic - Hawaiian Fresh Clear Refreshing Toner Original\n\n❣️ IDR 15.000\n\n► Details:\n- 20 ml\n- Botol spray\n- Label sticker ket. produk + exp date\n- Original Korea &amp; kemasan terbaru.\n\nDon't worry, happy shopping! 🌼\n═\n#kykari_readystock\n#kykari_skincare https://t.co/bgsOpMOmkp",pos
"🌻 GIVEAWAY 🌻\nKarena aku seneng bgt kemarin idol fav banyak interaksi, jadi aku bakal giveaway album GFriend the 5th mini album Parallel. ✔️Photobook ✔️CD ✔️Postcard ❌no photocard 😂\nRules: Cukup RT tweet ini.\nFree ongkir seluruh Indonesia.\nGood luck 💕\n#GiveAwaykpop https://t.co/S2bV2Qrvpc",pos
"Some choice scenes from a gem I found after randomly checking if ao3 actually has Hashirama/Sasuke :,)). It has Sasuke being a hot mess who barely has his shit together. Also he gets riled up by an actual child. A+ content. Fic Here! 👉 https://t.co/UnSAtOzPfD https://t.co/543vMnxqY4",neg
@payjokun @almascatie coba. https://t.co/ie280rHDUQ kenal gak? :)),neg
@elisaaprilianaa Masalah percintaan gua lamba. Sekian,neg
"@askmenfess - sports.\njago sports, biasanya badan juga terjaga.\n- humoris.\nw gampang bener seneng sama yang bikin ketawa mulu trus gampang ketawa :(\n- fluent in english\nfluent bhs asing tepatnya, keliatan pinter.\n- tinggi (!!!)\n- cute smile.\n- kemeja putih, lengannya digulung. mantul.",neg
@dewahoya La neng sby rak ono bakpia tugu mas. Kan aku uwonge pengenan.\n\n🙈🙈🙈,pos
"@leluna13 coba di cold reset aja dulu. teken tombol power sampe laptop mati. cabut batere. diemin 30 detik, trus pasang lagi. nyalain power sambil teken shift, trus start in safe mode. dari safe mode, shutdown spt biasa trus nyalain lagi spt biasa. kalo masih blue screen berarti hardware.",neg
"CWI officials brought up an interesting point Tuesday on their effort to build a health science building. Should hospitals have a role promoting this campaign, given that they will benefit from the extra graduates entering the workforce? @TheIdahoPress https://t.co/HogrhuT8bV",pos
I m so done with these issues,neg
"Dapat Kontrak Baru, Dedi Kusnandar Berharap Bisa Bawa Persib Bandung Juara https://t.co/XKEhxU0mHh",pos
"@Menlu_RI\n@Menkopolhukam\n@KSPgoid\n@mohmahfudmd\nTudingan Prof Amien Raiz kepada Tentara Republik China akan menduduki NKRI , ini sangat membahayakan 🚩\n@AmienRais_\nHARUS SEGERA DITINDAK TEGAS !\nPROVOKASI MEMBENTURKAN NKRI DENGAN CHINA 🚫\nJANGAN GEGABAH ⤵\n\nhttps://t.co/7CmunBwPmc",neg
"@tempeampela Belum lagi pas fanwar\nKalo mereka udah mentok banget, pasti abis itu bawa bawa popularity 😂😂😂\nYa views yt lah\nChart lah\nBerasa lagi liat debat fandom capres\nKagak ada yg mo ngalah trus topiknya jadi ngalor ngidul",neg
"@koreanthingy baru nonton 5 ep, dan gue ngerti kenapa ini cerita nya seru. tentang konflik keluarga gitu nder pokonya, seruuu. tiap menit akhir episode selalu disuguhin hal yg bikin penasaran. aduh nonton deh ya!!!",neg
"Kenapa y, klo pas di tangerang trs mau brgkt ke jogja itu pasti uring2an dlu sma org rumah.\nTapi, klo dri jogja ke tangerang malah sedih berat gtu buat ninggalin jogja... \n\nItu kenapasihhhh-_-",neg
"@billyngetwitt sok²an emo lebih tepatnya. cita² ke Rossi Fatmawati, tapi ujung²nya paling nonton acara musik di GOR Bulungan pada masanya :))",neg
"dah biasa dipandang sebelah mata juga. kan lu liatnya gua gaada, cuma bayangan.",neg
@FOODFESS Ini lo chu pan bukan sih?,neg
"@johnnylixeu @sukanyaasin @munfess Lewat ditlku dan ingin ku jb,\n\nJadian sm rp joni frissss gua mau liat wkwkwkkwk",neg
"@Dr_HLuck15 \n@IrHMFaqih \nSorry kang just sharing.\nTudingan @AmienRais_ kepada Tentara China Siap Menduduki NKRI , yg dimuat di merdekadotcom , Bisa memunculkan kontroversi besar dg Republic of China?\nBegitu saya fwd ke ChinaDaily news, attachmentnya dihapus oleh Merdeka😃\nTakuy?",neg
I love when people address the stigmatism around medication and other health issues,neg
kok bisa ada folder isinya muka dia semua :)\npantes laptop gua lemot https://t.co/zFHZSCVh1Z,neg
"Ketemu @bobbyida1 di tahun 2017 , di shooting sebuah acara TV. Di acara ini kita bener-bener real adventure, sesuai namanya prowarriors kita berpetualang ke gunung, laut dan seluruh… https://t.co/D5Jh3J96Tt",pos
@dewanpers\n@merdekadotcom \nMohon https://t.co/gmCqKdhK5X tidak memihak Golongan tertentu dalam pemberitaan.\nJejak digital tetap bisa dilacak.\nFair News Independent 🚩\nJangan model Hit and Run donk ?Jika anda tidak minta maaf menarik berita rentang Amien Raiz tuding China?\nBahaya,neg
@JSJ2STx Lagi di mood yang buruk kak..,neg
@susyitei @shamphony WKWKWKWKWK QUESTION OF THE DAY BGT BANGSAT 😹 gua butuh mayang nyungsep season 2,neg
@verave95 Semangat baca dan scroll down timeline. Hidul Lambe turah batam!! 💪🏼💪🏼,pos
@merdekadotcom \nPemberitaan Saudara tenftang Tudingan Amien Raiz provokasi Tentara China siap duduki Indonesia ? KOK DIHAPUS ? Maka mohon jangan sembrono asal muat berita tanpa SENSOR PIMRED?\nMembahayakan Negara? BILA ITU BENAR ? KENAPA ANDA DELETE 😃 @dewanpers \nMhn jadi masukan,neg
Pokok nya hawhaw kalilah ~ Video yang terekam tinggal edit dan saling belajar dan “meuripe” sebab trip hawhaw memang oke ~ sampai jump di trip Pulau Bunta dan Pulau Aceh lagi minggu depan ~ Lest Goo !!!!!!! 🐘🐘😃,neg
@tempeampela Yg masalah pelaku sexual harassment\nPas itu ohmes emang sempet bilang kalo ciri cirinya si cowo kyk woohyun\nCIRI CIRI LOH YHA BUKAN NYEBUT KALO WOOHYUN FIX PELAKUNYA\nKesel masya Allah sekolah pada ampe depan gerbang doang apa gimane sik,neg
"Banyak yg lupa kalau dulu Inggris jualan Opium ke China tapi gak pernah disebut sebagai ""aksi narkotika terbesar sepanjang sejarah"" padahal Pablo Escobar sama East India Company gak ada bedanya kok. Escobar malah gak pernah maksa Amerika buat nerima kokain jualan mereka. Inggris?",neg
"@sisifus_ Coba telponan sama bebi gepe, deh. Biar nga kesepian...",neg
Ada orang kaya yang mau ngundang Ben Shapiro ke Indonesia ga ya?,pos
@zkirays coba nonton Forrest Gump juga Zik. Lumayan menyentuh.,pos
@liruepie_ Aku gakbisa bahasa jawa...............,pos
Ternyata saya sudah jadi stalkingnya oknum Mark Lee sejak era ini. https://t.co/isCOaQ4ibp,neg
@ChinaDaily\nPlease Learn the dangerous the worst provocation against China's Army 🚩\nThe speech of Mr.Amien Raiz broadcasting a fake news.\nClaim Him under International Law⤵\nAmien Rais Tuding Tentara China Siap Duduki Indonesia | https://t.co/gmCqKdhK5X https://t.co/rhUO67GC5v,pos
"Lalu setelah beres2 rumah pasca pesta yang sebelum nya banjir udah oke ~ bisa jalan2 ke Aceh Utara, menikmati Rujak Nibong dan Air Terjun Blang Kulam :) https://t.co/qStKXVtoQX",neg
"3 minggu menikmati perjalanan ke Bener Meriah, Aceh Utara, Bireuen, Lhokseumawe serta Pidie memang luar biasa asik nya, menepi sejenak dari keramaian kota adalah pilihan ~ Sehabat yang menyambut pun luar biasa :)",pos
"Filosofi pancasila tuh suangar cuk aseline, saking ae saiki malah akeh sg luwih bangga nak arab, eman.",pos
"@nobody_known_me @dede318a @albertpanjaitn Tolong kasih bukti kalau benar Jokowi punya kasus korupsi trans jakarta,ungkapkan di sini sekalian kasih tau @DivHumas_Polri @KPK_RI biar di proses , jangan sampai omongan anda hanya fitnah Hoax keji ,ayo buktikan",neg
@hyunfwon gimana tidak gemes coba bentukannya gitu,neg
jeff kan pernah jadi guru les di six love story tuh. cocok kalo jadi guru les di sky castle wahaha :D kan client dia di six love story juga keterima coolyeah :D,pos
"@IrHMFaqih Ya kang.\nKita juga bisa memberikan Julukan ke  @AmienRais_  WEDUS GEMBEL SILIR😃\nBisanya teriak melulu, menghina Presiden RI @jokowi\nterus , sewaktu jadi ketua MPR Gak bisa apa apa🐩Ketenarannya hanya dompleng Perjuangan Mahasiswa😃Korban HAM98 Tak Dibela? Malah Bela Pelakunya🐒",neg
mau golput aja rasanya wkwkw,neg
@tanya2rl bandung mending manis,pos
"ㅤ  Tak jadi masalah, toh hal tersebut jauh lebih penting, pikir Elvano.\n\n""Mas, Gio mau keluar dulu ya. Gak nginep kok, nanti pulang."" Kata sang adik, sudah rapi dengan balutan pakaian kasual lengkap dengan sepatu.\n\n""Jangan lama-lama lu. Awas kalau gak pulang.""\n\nㅤㅤ",neg
Ah teringat oknum m n h https://t.co/qSRlV2P2aS,neg
Vanessa Angel Resmi Ditetapkan Sebagai Tersangka Kasus Prostitusi Online https://t.co/wuCD1bopgE,neg
"Pak Amien, insyaf Pak... bikin hoaks itu pidana lho. Coba tanya @CCICPolri @DivHumas_Polri @kemkominfo https://t.co/LWzaaOwPig",neg
@fairelasieste_ ada di playlist kirino juga hAHAHAHAH dia keracunan abang abangnya!!,neg
"Ketika ngepost #10YearsChallenge :\n*gua ngepost*\nNetizen: 'apa bedanya? Yang satu terang, yang satu gelap' , 'hasil edit berapa puluh kali itu?'\n*orang lain ngepost*\nNetizen: 'awet muda ya, rahasianya apa?'",pos
"[H-3 HI-ERS CAMP]\nKejenuhan atas rutinitas harian kian menjadi keluhan. Bercengkrama dalam tawa dengan alam kini larut dalam kerinduan. Lantas, melepas diri sejenak dari kesibukan seakan hanya angan-angan.",neg
"House Bill 10 would limit government, expand healthcare access, and empower the market: https://t.co/1yiGuTahHS\n\n#idleg #idpol https://t.co/luWVd0YZm7",neg
"@kangnawan Selfi / swafoto menurut KBBI adalah potret diri yang diambil sendiri dengan menggunakan kamera ponsel atau kamera digital, biasanya untuk diunggah ke media sosial.\n\nMaaf, kalimat bapak kurang sesuai.\nBoleh diperbaiki loh pak.",pos
sederhana rawamangun RT @ajiwar: Selalu disebut sebagai RM padang terenak di Jakarta:\n\n1. Pagi Sore Cipete\n2. Medan Baru\n3. RM Surya Benhil\n4. Garuda\n5. Sederhana Rawamangung\n6. RM Sepakat Mayestik\n7. Bopet Mini \n8. Kapau Sabana Melawai\n9. RM Simay Palmerah\n10. RM rinai pambasuah,pos
Siap menangkan Pak @jokowi https://t.co/co72DzvFsm,pos
"Liat program tv rekonstruksi pembunuhan, kok ya gakebayang gitu bini bunuh lakinya sendiri.",neg
"saya demen statement pak desmond. musuh kita bukan dosa2 masa lalu, tetapi anak bangsa lain yg coba mengubah masa depan dunia, kita gabole ketinggalan arus dsana",neg
"Kerja di Jakarta di mananya? Bintaro. Padahal Bintaro Tangsel, ngaku2 Jakarta. Ya biar gampang aja.\n\nAsli di Bandung di mananya? Rancaekek. Ya gapapalah ngaku2, kan emg Kabupaten Bandung. Biar gampang aja. Tapi jauh anjeeer.\n\nLagian orang nanya gt biasanya cm basa-basi doang.",neg
"Kalau tweeps  dikasih kesempatan untuk kasih 1 pertanyaan ke kedua calon Presiden dan Wakil Presiden ini, tweeps mau tanya apa?\nYuk buat pertanyaanmu dlm video atau bisa juga reply tweet ini #DebatKorupsi",neg
"Malam tweeps,\nSudah tahu atau belum kalau akan diadakan debat pertama mengenai korupsi, HAM, hukum, terorisme pada besok, 17 Januari 2019? #DebatKorupsi",neg
Tweeps tahu nggak visi-misi kedua calon Presiden dan Wakil Presiden ini? #DebatKorupsi,neg
"@rainbowmnfs Yaudah petrus temenmu, siapa tau kek aku tapi awas entar diduain sama cewe wkwk",neg
Ditinggal sejam pacar udah jadi bandar judi aja wkwkwkkw,neg
@rlthingy Iya ada. Lupa karna apa pokoknya jd ada yang kecenderungan buat bikin org lain sakit atau menyakiti diri sendiri. Coba aja konsul ke yg profesional,neg
"""Kenapa kamu banting Naruto kemarin sampai beton Jalan Raya Konoha retak-retak, hah?!""",neg
Lowongan Kerja Sales di PT. Noor Cahaya Mulia - Yogyakarta https://t.co/djNRHWYGvD,pos
@maulanafikrim gw kira lu langsung gede lho bom,neg
"@dxoyounq Heh! Jangan, nanti kalo kenapa napa. Gimana coba?",neg
"ada yg ‘add’ Trump segala😝 woiii .. Rob si bule, thn 2014 juga jadi bahan cemooh pendukung #JokowiJK eh..sekarang #JokowiAmin lebih receh lagi, btw, di Google data si bule singkat seadanya👇🥴pendukung #Jokowi tinggal 3 bulan kok begini amat ya😭👎 #Pilpres2019 #Indonesia https://t.co/sfWC38HRcg",neg
kak @muthiastp @KrisnaERLG bole bantu retweet ku jual tiket konser Monokrom Tulus Jakarta yg Gold. dijual krn dpt tiket kategori lain. trima kasii ✨,pos
"@smartfrencare halo kak, mohon maaf kenapa saya internet WA juga tidak bisa konek ya?\npadahal saya https://t.co/9DgE0PVmmF sinyalnya ada",neg
APA APAAN INI OKNUM TEN? TOLONG JELASKAN??????? https://t.co/gaKIMJyo1b,neg
"@gisellaarnis Kalau sudah menikah, bakti utamanya pada suami giis. Dan jika belum menikah pada kedua orang tuanya. *cmiiw. Kebetulan tadi baca artikel tentang kedudukan suami dan istri dalam islam.",neg
@putuyusna awas masuk angin kena angin surga. gossip jangan terlalu dipercaya.,neg
"Gue ngomong gini karena abis ngeliat ""draw my life"" nya ykhendrawan. Gua salut bgt sama perjuangan dia buat ngedapetin apa yang dia inginkan. Sedangkan gue? Udah pesimis duluan. Gimana ya biar bisa mikir kaya dia?",neg
"Even di UK pun penyebar hoax itu ada men sama kyk di negri kita, jd biasa aja, oh enggak sih ketawain ajaa biar kesannya menghargai effort mereka",neg
"Gw rada iri sih ngeliat orang orang bisa #10yearschallenge Pengen ngorek ngorek memori hp,eh inget taun lalu hp gw kebanting di bandara. \nmau ngecheck folder di laptop eh laptop gw ilang Minggu lalu. Ah coba cek hardisk,oh iya hardisk gw juga ilang sepaket sama laptop..Yassalam",neg
ini cewek fotonya dulu sering bgt dipake buat pp facebook sm friendster sama org2 sampe gua bingung sendiri dia sbnrnya siapa wkwkwkwkwkwk,neg
"Buka IG lambat, buka yutub lambat, maen game ngelag, buruk sekali jaringanmu @IndosatCare @IM3Ooredoo, nyesel nyoba lagi aktifin paketnya karena murah.",neg
@SelasaPagi_ Bdg tasik mah deket ternyata kalo lewat cilawu . Ehh iya lupa jgn di share di timeline deng 😂,neg
@Nusaibanovi Hahaha \nAku mah org Jawa yg betulan Njawani,pos
Saya suka video @YouTube https://t.co/1n9xTjsNQm TIMO SCHEUNEMANN: Sekeluarga Jago Bahasa Jawa,pos
1000 follower hanya 25rb #murah banget!! Cara pesan : lihat ini -&gt; https://t.co/JcWDQThwh0 | *CP : Ada di BIO,pos
@Watonklakson @SSDrajat @Indostransfer Scbd penghasil uang kalau ps tni tim besar udh pasti pemain bintang semua ini madura juga kalah,pos
"@chacha_ahcahc Lama2 kek akun bot.\nGw buat akun bot aja ya tweetnya schedule gitu,\nAtau bot tinggal trigger kalo mau tweet protes",neg
"Anjir,gua pernah liat film ini,keren parah sih filmnya emang... 😆😆",neg
@GeraldyTampan Laku murah. Jualan cilok aja. Udah halal untung lumayan wkwk,pos
FITNAH AJA TERUS.,neg
@ODDCLIFFOX PT OK akan membeli kardus sesuai harga yang tertera.,pos
@baiqayuim @PurpleTae__ @indomymenfess Taman itu mana? Sepanjang itu bukan?,neg
Ohmes ke-suspend dan gabakal update lagi :( cobaan apa lagi ini? Dimana gua bisa dapet berita ter-update 😭,neg
"1 rupiah pun harus diketahui kemana perginya, Zu:( antisipasi korupsi",neg
Cinta bertepuk sebelah tangsel,pos
"@18autobase kalau saya sih telinga, sama leher.. Diusek usek sama kumis, duh tuhan hamba khilaf\n\nTapi daerah sensitif cewek beda beda kok coba kamu eksplore aja dulu.",neg
hahaha ayokkk perang RT @MickTan_: @amanzuy @HunterHayes Wkwkwkk sial!,neg
"Karena kami warga masyarakat taat hukum , maka menghindari main hakim sendiri ! Bila ternyata ada Kecurangan dalam Pemilu SIAPAPUN PELAKUNYA, maka kami Berharap Aparat Penegak Hukum Menindak Tegas Sesuai UU yg BERLAKU ⤵\nTIDAK DENGAN  CARA CARA AROGANSI PREMANISME SUBVERSIF🚩",neg
@tokyohays_luka @linnyoona Tawuran dong ya kita?,neg
"Menuju gelap.\n.\n""Abis ini tiba2 tsunami"" -Verdhian 2019.\n@kelvinverdh https://t.co/EnwQeQPeJ7",neg
Wah..,pos
@haninmahar Coba disebutkan bagian mana-nya yang salah.,neg
"aku merasa asing banget liat tl, mutual lama q pada kemana :(",neg
Wkwkwk kocak liat ekspresi Pak HNW 🤣🤣🤣,neg
"@ardianfrmnsyah Lah memang itu pres, makanya saya liat org2 ini protes pmbngunan greja oleh masy. setempat (karena mmg yg lg hangat) yg seolah tdk menghargai temen2 minoritas. Masy. setempat ga bersedia mw blg apa, KOPLAK memang. Risihnya seolah2 minoritas di Ina ini hrs dilindungi krn lemah",neg
"benar juga, lalu utk apa aku beli username s//bin?😊 https://t.co/nJGF2CpZqt",pos
"@purwo82092883 @Gerindra Harusnya pemerintah berterimakasih, jualannya ada yang beli.",pos
"@LDSdiscussions I can understand peoples dislike of the boat metaphor. I LOLed at the whack a mole comparison because that is how some of my conversations have gone on Twitter.  I liked him sharing his personal experience gaining a testimony of the BOM, not something you hear Apostles share tons",neg
Aparat bisa sekejam itu pada rakyat siapa yang mimpin sih?,neg
@thestorykids Jawa tengah,pos
@infomilan1899 @MilanNewsit Alasan kayak anak sekolah yg menghindari guru killer,neg
"• miring dan membelakangi cahaya itu artistik\n\n""Merupakan pernyataan pembelaan bagi mu yang buruk rupa kisanak!""\n\nSeptember 2018 @ Gunung Sumbing https://t.co/8C8pXd3JbO",neg
IH MAMPUS AZA,neg
@sudjiwotedjo Menurutku netral bukan berarti selalu berada ditengah. Selalu berada ditengah berati golput.,neg
"Nulis berjanji sj gk becus, aplgi berprestasi",pos
"[H-3 HI-ERS CAMP]\n\nKejenuhan atas rutinitas harian kian menjadi keluhan. Bercengkrama dalam tawa dengan alam kini larut dalam kerinduan. Lantas, melepas diri sejenak dari kesibukan seakan hanya angan-angan. https://t.co/3uXhYLIywt",neg
"@FIMELAdotcom [ Bandung, yang pasti sih keliling dunia🌏🗺 dulu..seudah itu  baru membuka usaha yg bisa mempekerjakan/ menolong orang2 yg hidup disekeliling sy sehari2 * jangan memberi mereka uang/ 🐟 tapi berilah mereka pekerjaan/ 🎣, #FimelaQuiz #OKB #FilmOrangKayaBaru @Fimeladotcom ]",neg
Sang guru besar bicara sj masih dilatih,pos
@ODDCLIFFOX Perusahaan Optimis Kalah akan menjual kardus sesuai dengan harga yang tertera.,pos
@taekookbase Awas aja klo ga beneran dibuat AU😤😤,neg
Seketika menyesal kemakan iklan paket 50gb ._.,neg
Banyak yg ngeluh kalo ep sky castle kebanyakan:( helloooo gua ajak nonton series cinta fitri mimisan lu boneng,pos
@republikaonline Kemarin si botak ketawa liat 212 d tv dn bikin hoax si penista menang. Skrg kambuh lgi,neg
Jangan pernah benar. \n\nBeredarnya pemberitaan yang menyebutkan bahwa Kementerian Pendidikan dan Kebudayaan (Kemendikbud) akan meniadakan Pendidikan Agama di sekolah adalah tidak benar.  https://t.co/LJoiinSf9w,neg
@tubirfess malu gua anjer,neg
"Sukseskan gengs, jangan lupa share di group chat kalian, mungkin mereka ada yg bukan warga twitter yakan😄",neg
"@jaeminnu Padahal cuman nyapa, tapi dibilang genit coba. :)",neg
"Wajar, apalagi kalau udah ngomongin ke hal yg lebih serius dan berkomitmen. Realistis sih🤭",pos
"3).\n\nζ Dari keseharian penulis dan teman-teman. \n\nTerus buat karakter Dina yang anak pantai, gak tau ya? Kepikiran Pantai Pangandaran dan ceritanya langsung ngalir aja.",neg
Mantap emang kaga sadar2 juga nih pak @aniesbaswedan\n\nDan tolong hapus diskresi itu @TMCPoldaMetro,pos
@adnawoojin Ga gitu juga wan ini banjir cetek tapi semua dilante basah :(,neg
"Akhir² ini banyak pengaduan curanmor. Tetap waspada ya tweeps, jangan lupa untuk selalu kunci ganda kendaraan anda!",neg
"Pas bsk gue dateng ntar doi nanya ""Loh anda kesini lagi?"" Gue jawab apa? Basah gegara kamar banjir? Tida elittt",neg
Sanggup si jenius pngendara speda motor ngbntak si bpk yg mobilnya kena tabrak blkg nya disebabkan oleh kepintarannya ngrem mendadak.,neg
"Sampe kosan kaget ini kamar gue ngapa basah yak? Ternyata kran kamar mandi belom gue matiin, air ngeluber, lobang pembuangan ketutup ember. BANJIR KAMAR GUE LAA KHAULAA WALAA QUWWATA",neg
@ecstaticious lebih penasaran obat sih aku.. soalnya aku taunya kalo ganja (cmiiw) itu bikin mata merag bukan sih?,neg
@JC_in_Calgary Shit like this is all part of thr pussification of America. \nIt’s the groundwork for reverse discrimination. \nIt’s become bad to be white and male.,neg
alhamdulillah tl gua agak bersihan dikit,pos
Bantu teman nyari sample skripsi bikin mikir dua hal:\n\n- jir temen2 gue nyaris udh pada lulus semua yg seangkatan. Baik jurusan sendiri maupun lintas\n- banyak bgt yg ngaku org jkt tp ktp pinggiran HAHAA,pos
Pasti tanah sengketa.,pos
"bentar gua mute kata kata wayv chinese ama 127 dulu lah, capek liat kalian salty mulu.",neg
"@askmenfess hp ku bukan ip sii cuma kayanya ini masalah hp pada umumnya. coba dibawa ke cs, kaya bgtu ada 2 kemungkinan, charger port di hpnya rusak atau kabel/pala chargernya.",neg
@_satriot geng coba ente liat 😂😂😂😂,neg
fyi! buat para tracking mania https://t.co/KLYtlqbxlF,neg
@Agrippinahrs Ngakak bgt gak seeeh? \n((Why for me because i can more famous 1 country indonesian. Why for you because U can more famous 1 country indonesia))\nNgomong apa fataaaahh. Ngakak bgt bagian iniii. Anw aku jg play pause ampe pegel,neg
ngerti gasih udah seberapa lama china line stan nunggu nunggu debut ini dan dikasih apa? remake song ya pasti mereka kecewa lah,neg
"gua ngerti kok kenapa mereka marah karena dikasih lagu remake an kalian yg biasnya gaada di wayv gabisa dengan gampang nya ngomong ""terima aja udah apa yg dikasih sm""",pos
"gua tuh ya tipe yang gabisa membela cuma satu pihak, gua pasti memposisikan diri gua di keduanya",pos
"ㅤ  Oh iya, gue, Tole, dan Jibran satu organisasi setelah beberapa bulan sekolah.\n\nOSIS.\n\nBegitu naik kelas, naik juga jabatan.\n\nGue yang jadi Ketua, si Tole lah wakilnya.\n\nSi Jibran? Gak jauh juga kok, dia sekretaris.\n\nBareng lagi, bareng terus, bareng mulu.",neg
UDAH APA UDAH ANJER GUA TUH KALO LAGI FANWAR GINI PUSING,neg
"Dasar pengaduan\n\nEngga jadi ko kak Prama.. ☹️\n\nAwas kamu Ci\n\nAku engga ngadu kak Prama, tapi tadi ditanyain caretaker, jadinya aku jawab. 🙁",neg
Rasanya mirip sour sally mini bgt. Tpi lebih murah 😂😂 https://t.co/Dg2Hoi8zFn,pos
"@maspiyuuu @bawaslu_RI Jempol, telunjuk dan jari tengah sudah tertawan oleh KPU. Yg masih merdeka hanya tinggal jari manis dan kelingking. Jari manis sulit berdiri sendiri ia selalu ngajak kelingking untuk berdiri bersama.\nHeudeh jaman sulit moga segera berakhir.\n#2019PrabowoPresidenRI",pos
"Ada yg baik dikit; pepet teros, sepik sepik manja, manfaatin (kasarnya). Giliran ada yg ga bener dikit; cuekin, jauhin perlahan, ahirnya jadi org asing. He he he unhealthy life banget ga si :))",neg
trus muncul foto2 kak jonghyun pake seragam polisi :((((( pasti cakep :(((( trus muncul juga video video dia perform di acara2 kepolisian uwu mungkin kak jonghyun malah bikinin lagu buat kepolisian. kaya jargon baru gitu?,pos
@nctconfess PLS YA PLS DARIPADA WAKTU KELAN DIPAKE BUAT SALTY MENDING KLEAN CARI INFO BACA BACA GITU CARA SUPPORT WAYV DI MARKET CHINA INI KALO BISA PADA DONLOT QQMUSIC YAAA,neg
mungkin jonghyun nanti masuk ke polisi kali ya? karna kan sakit?,neg
"Lagi, hoaks Pak @prabowo dibongkar.",neg
"@S0PHEUR0SYNE Dina tertawa renyah melihat ekspresi bingung di raut wajah sang lingga. ""Engga kok, bukan gara-gara saya titisan Nyi Roro Kidul."" guraunya.\n\n     ""Sebagian hidup saya dihabiskan di Pangandaran, Mas Danis. Tahun ini saya belum mudik ke sana, jadi ya... Rindu.""",neg
udah dong udah gua capek liat ke gareman do tl anjer,neg
"#repost from muhammadhusein_gaza  \n \n====\nPalestina?\n====\nZi0ni5t Isr43l sang penjajah itu berusaha mati matian mendistorsi sejarah, memanipulasi data, mengacaukan informasi seputar… https://t.co/Nz6hDRj0fh",neg
"Protes, padahal ngga brewokan.",neg
@jjaefhyunt Mana ada sih marah–marah? Fitnah mulu ya sama aku. 😾,neg
lelang acc murah &amp; trusted? disini tempatnya ~\n\nt. lelang acc,pos
"Jadi udah 2 hari suhu badan ga normal, mau izin ga masuk tapi ga enak. Trs besok agendanya debat pilpres, mana mungkin gue ga masokkk gue ga setega itu 😌",pos
Doa untuk Pak @jokowi dari inang-inang pengungsi korban letusan Gunung Sinabung. https://t.co/oBUNxNqmBh,neg
@aidilicious Emg kampung sini pada darurat toleransi. Gua udh males tinggal disini sebenernya tp ini emg kampung gua😭 ☹,neg
Kok kamu fitnah fitnah. 😾,neg
@JeniusConnect Memang jenius ini inovatif sekali 👍,pos
@daijobudesuu @ErfannSetiawan @Watonklakson @DiegoPrasetya @bitiing Awas https://t.co/tM9UdVb7gC,neg
@westhingy Coba liat channel yutubnya lizzie para,neg
"Tadi overheard mbak-mbak dengan ojol di depanku\n👩 Pak berhenti tuh sebelum zebra cross bukan di zebra cross\n👨 Lah mbak nggak bilang dari tadi\n👩\n\nI'M MAD LIKE @+$/"";#+#)$-",neg
"NJTTW\nRM udah ngga senyenengin duluuu. Dan gua fans karya Na PD :""",pos
@rizky_rizaldi88 @marselrhy @ArasArum Aku nggak hoax jal:(,neg
@seolamat @ddiheon aku suka main monopoli kok ngga jadi kaya beneran ya,pos
"@seolamat @ddiheon gua ketularan bodoh dari elu, dulu gue klesi people.",neg
"@parkjiun99 Coba bukan, udah papih pulangin ke mamih kamu.",neg
@nakamodol KAN BUKAN GUA DOANG YG GILA LO JUGA KAN FA😩,neg
tweet klarifikasi fitnah @ddiheon terhadap ssuwonjang. jasa tag: @seolamat https://t.co/SDgUHXYc7V,neg
2009 vs 2019 (((((menandakan bedakmu kekandelen)))))\n\nEmg jokes jawa ini bgst ya. Gini aja gue ngakak ga udah-udah.,pos
"@sikhandini Salahnya VA pake di video in segala mba, makane dadi tersangka haha",neg
"@yasasepriana @KFCINDONESIA @kfc Ini di negara dekatan China pasti ya, antara Hongkong atau Taiwan hahaha",pos
Persebaya Dekati Penyerang Asing Jebolan Liga Eropa https://t.co/jx0kpJp7JT,neg
"ㅤ  Itu kejadian waktu hari pertama masa pengenalan lingkungan sekolah. \n\nDi hari kedua? Beda lagi.\n\nTapi tetap kontennya bareng mereka.\n\nGue yang lupa bawa papan jalan pun' kena omel, disuruh pinjam ke teman.\n\nGak tau gimana caranya Tole dan Jibran lagi-lagi ada di depan gue",neg
:( hampir 3 taun yang lalu ya gue pertama ketemu ttinbi,neg
@MGR_Kambing Siap pak besok rencananya mau ganti sih sekalian sama motornya berubah jadi onta,pos
"ㅤ  ""Gila gaya-nya high class bener, kacau nih bisa-bisa gak jadi primadono sekolah.""\n\nPrimadono,\nPrimadono katanya.\n\n       ""Lu sekali lagi ngomong, \n        gue damprat ya.""\n\nMereka berdiri di depan gue, sambil bilang begitu, mau ketawa tapi panas banget di lapangan.\n\nMales.",neg
Jenius se-membantu itu sih... Sejak gue tau jenius gue bs dipake buat paypal tuh gue lgsg merasa sgt terbantu.,pos
@BPJSTKinfo Berarti kalau saya ke bank BJB atau BNI yg bekerja sama harusnya ga ada masalah kan min dengan melampirkan kartu digital yang sudah dicetak?,pos
@nakamodol BLOM LIAT GUA:( PLS VIDEO IN LO PAS KLOJOTAN DONG:)))),neg
@TANAKAocd Ah ibu bos suka merendah gitu padahal jenius.,pos
@moodhofar @honcuk the best gudeg di jogja sih kalo di magelang gudeg tip top,pos
